metric,value
total_return,1.1098811890014075
annualized_return,0.10634603027694095
annualized_volatility,0.16206370037402767
sharpe_ratio,0.6561989515943693
max_drawdown,-0.2854151802877341
